Deletion size,Max growth rate,Min production rate,Deleted genes,,,,,,,,,,,,,,,,,,,,,,,,
8,0.0409814256890656,0.00738902325034862,Rv2443,Rv1188,Rv1712,Rv1098c,Rv2920c,Rv0694,Rv3150,Rv0859,,,,,,,,,,,,,,,,,
8,0.0277661004015734,0.00500615126661852,Rv3010c,Rv2443,Rv1188,Rv1712,Rv1098c,Rv1872c,Rv3150,Rv0859,,,,,,,,,,,,,,,,,
8,0.0277661005282081,0.00500607339550493,Rv3010c,Rv2443,Rv1188,Rv1712,Rv1098c,Rv0694,Rv3150,Rv0859,,,,,,,,,,,,,,,,,
9,0.0409814256751887,0.00738890551738455,Rv2443,Rv1902c,Rv1188,Rv1712,Rv1098c,Rv1872c,Rv2920c,Rv3150,Rv0859,,,,,,,,,,,,,,,,
9,0.0409814255398797,0.00738890991703575,Rv2443,Rv2332,Rv1240,Rv1188,Rv1712,Rv2920c,Rv0694,Rv3150,Rv0859,,,,,,,,,,,,,,,,
9,0.0277661004449415,0.00500616144697274,Rv3010c,Rv2443,Rv2332,Rv1240,Rv1188,Rv1712,Rv0694,Rv3150,Rv0859,,,,,,,,,,,,,,,,
9,0.0277661004085123,0.00500622163872328,Rv3010c,Rv2443,Rv2332,Rv1240,Rv1188,Rv1712,Rv1872c,Rv3150,Rv0859,,,,,,,,,,,,,,,,
9,0.0277661006114749,0.0050062508309499,Rv3319,Rv0247c,Rv3010c,Rv0248c,Rv2443,Rv1188,Rv1712,Rv1098c,Rv0859,,,,,,,,,,,,,,,,
10,0.0409814254999817,0.00738890872562841,Rv3319,Rv0247c,Rv0248c,Rv2443,Rv1902c,Rv1188,Rv1712,Rv1098c,Rv2920c,Rv0859,,,,,,,,,,,,,,,
10,0.0409814256404937,0.00738890853918114,Rv2443,Rv1902c,Rv2332,Rv1240,Rv1188,Rv1712,Rv1872c,Rv2920c,Rv3150,Rv0859,,,,,,,,,,,,,,,
10,0.0409814256474321,0.00738888341283479,Rv3319,Rv0247c,Rv0248c,Rv2443,Rv1188,Rv1712,Rv1098c,Rv2920c,Rv0694,Rv0859,,,,,,,,,,,,,,,
10,0.0277661004171856,0.00500615831026239,Rv3319,Rv0247c,Rv3010c,Rv0248c,Rv2443,Rv2332,Rv1240,Rv1188,Rv1712,Rv0859,,,,,,,,,,,,,,,
11,0.0409814255919213,0.00738875115778335,Rv3319,Rv0247c,Rv0248c,Rv2443,Rv2332,Rv1240,Rv1188,Rv1712,Rv2920c,Rv0694,Rv0859,,,,,,,,,,,,,,
11,0.0409814256613098,0.00738888791156725,Rv3319,Rv0247c,Rv0248c,Rv2443,Rv1902c,Rv2332,Rv1240,Rv1188,Rv1712,Rv2920c,Rv0859,,,,,,,,,,,,,,
12,0.0453414868742345,0.00817506633077037,Rv2443,Rv1908c,Rv2476c,Rv1188,Rv1712,Rv1098c,Rv1872c,Rv2920c,Rv3150,Rv2780,Rv0084,Rv0859,,,,,,,,,,,,,
12,0.0229273498684609,0.00413376148739912,Rv3010c,Rv2443,Rv1908c,Rv2476c,Rv1188,Rv1098c,Rv2920c,Rv0694,Rv3150,Rv2780,Rv0084,Rv0859,,,,,,,,,,,,,
13,0.0229273498962163,0.00413374337514753,Rv3010c,Rv2443,Rv2476c,Rv1188,Rv1098c,Rv2920c,Rv0694,Rv3150,Rv1595,Rv2780,Rv0084,Rv1905c,Rv0859,,,,,,,,,,,,
13,0.0453414868534178,0.0081748723376107,Rv3319,Rv0247c,Rv0248c,Rv2443,Rv1908c,Rv2476c,Rv1188,Rv1712,Rv1098c,Rv2920c,Rv2780,Rv0084,Rv0859,,,,,,,,,,,,
13,0.0229273498962163,0.00413390119082662,Rv3010c,Rv2443,Rv1908c,Rv2476c,Rv1902c,Rv1188,Rv1098c,Rv1872c,Rv2920c,Rv3150,Rv2780,Rv0084,Rv0859,,,,,,,,,,,,
13,0.0453414867979073,0.00817504256630015,Rv2443,Rv2476c,Rv1188,Rv1712,Rv1098c,Rv1872c,Rv2920c,Rv3150,Rv1595,Rv2780,Rv0084,Rv1905c,Rv0859,,,,,,,,,,,,
13,0.025111672780734,0.00452725263102866,Rv3010c,Rv2443,Rv1908c,Rv1826,Rv2476c,Rv1832,Rv1188,Rv1098c,Rv2920c,Rv0694,Rv3150,Rv2780,Rv0859,,,,,,,,,,,,
13,0.0229273499517275,0.00413381287261533,Rv3010c,Rv2443,Rv1908c,Rv2476c,Rv2332,Rv1240,Rv1188,Rv2920c,Rv0694,Rv3150,Rv2780,Rv0084,Rv0859,,,,,,,,,,,,
13,0.0453414868534178,0.00817483580672483,Rv2443,Rv1908c,Rv2476c,Rv2332,Rv1240,Rv1188,Rv1712,Rv1872c,Rv2920c,Rv3150,Rv2780,Rv0084,Rv0859,,,,,,,,,,,,
13,0.0341693801432611,0.00616066249642484,Rv2443,Rv1908c,Rv3356c,Rv2476c,Rv1902c,Rv1188,Rv1098c,Rv2920c,Rv0694,Rv3150,Rv2780,Rv0859,Rv1475c,,,,,,,,,,,,
13,0.0335431024613171,0.00604778678123073,Rv2443,Rv2697c,Rv2967c,Rv1902c,Rv1188,Rv1098c,Rv0211,Rv1837c,Rv2920c,Rv0694,Rv3150,Rv0084,Rv0859,,,,,,,,,,,,
13,0.0335431025168283,0.00604776871253441,Rv2443,Rv2697c,Rv2967c,Rv1902c,Rv1240,Rv1188,Rv1098c,Rv0211,Rv2920c,Rv0694,Rv3150,Rv0084,Rv0859,,,,,,,,,,,,
13,0.025111672780734,0.0045272100244539,Rv3010c,Rv2443,Rv1908c,Rv1826,Rv2476c,Rv2211c,Rv1188,Rv1098c,Rv2920c,Rv0694,Rv3150,Rv2780,Rv0859,,,,,,,,,,,,
13,0.0335431025172613,0.00604776863942931,Rv2443,Rv2697c,Rv2967c,Rv1902c,Rv2332,Rv1240,Rv1188,Rv0211,Rv2920c,Rv0694,Rv3150,Rv0084,Rv0859,,,,,,,,,,,,
14,0.0346884712679529,0.00625442831876007,Rv2443,Rv1908c,Rv1826,Rv2476c,Rv1902c,Rv2211c,Rv1188,Rv1098c,Rv2920c,Rv0694,Rv3150,Rv2780,Rv0859,Rv1475c,,,,,,,,,,,
14,0.0229273498962165,0.00413393997596145,Rv3010c,Rv2443,Rv2476c,Rv1902c,Rv1188,Rv1098c,Rv1872c,Rv2920c,Rv3150,Rv1595,Rv2780,Rv0084,Rv1905c,Rv0859,,,,,,,,,,,
14,0.0453414868881128,0.00817503552896721,Rv3319,Rv0247c,Rv0248c,Rv2443,Rv2476c,Rv1188,Rv1712,Rv1098c,Rv2920c,Rv1595,Rv2780,Rv0084,Rv1905c,Rv0859,,,,,,,,,,,
14,0.0453414868742345,0.00817502984576424,Rv3319,Rv0247c,Rv0248c,Rv2443,Rv1908c,Rv2476c,Rv2332,Rv1240,Rv1188,Rv1712,Rv2920c,Rv2780,Rv0084,Rv0859,,,,,,,,,,,
14,0.0273412546477053,0.00492983281694332,Rv2495c,Rv2215,Rv2443,Rv1902c,Rv0162c,Rv1188,Rv1098c,Rv2920c,Rv0694,Rv3150,Rv3601c,Rv0084,Rv2899c,Rv0859,,,,,,,,,,,
14,0.0229273498962163,0.00413263720159732,Rv3010c,Rv2443,Rv2476c,Rv2332,Rv1240,Rv1188,Rv2920c,Rv0694,Rv3150,Rv1595,Rv2780,Rv0084,Rv1905c,Rv0859,,,,,,,,,,,
14,0.0453414869297456,0.00817487300305992,Rv2443,Rv2476c,Rv2332,Rv1240,Rv1188,Rv1712,Rv1872c,Rv2920c,Rv3150,Rv1595,Rv2780,Rv0084,Rv1905c,Rv0859,,,,,,,,,,,
14,0.0251116727807341,0.00452766279785565,Rv3010c,Rv3303c,Rv2443,Rv1826,Rv2476c,Rv1188,Rv1098c,Rv2920c,Rv0694,Rv3150,Rv1595,Rv2780,Rv1905c,Rv0859,,,,,,,,,,,
14,0.0336293099093311,0.00606343659149358,Rv2443,Rv1908c,Rv3356c,Rv2476c,Rv1902c,Rv1240,Rv1188,Rv1098c,Rv0211,Rv2920c,Rv0694,Rv3150,Rv2780,Rv0859,,,,,,,,,,,
14,0.0341693801033628,0.0061608532194762,Rv2443,Rv3356c,Rv2476c,Rv1902c,Rv1188,Rv1098c,Rv2920c,Rv0694,Rv3150,Rv1595,Rv2780,Rv1905c,Rv0859,Rv1475c,,,,,,,,,,,
14,0.0229273498268276,0.00413393882985841,Rv3319,Rv0247c,Rv3010c,Rv0248c,Rv2443,Rv1908c,Rv2476c,Rv1902c,Rv1188,Rv1098c,Rv2920c,Rv2780,Rv0084,Rv0859,,,,,,,,,,,
14,0.0273412546477056,0.00492960226799851,Rv2495c,Rv2215,Rv2443,Rv0753c,Rv1902c,Rv0162c,Rv1188,Rv1098c,Rv2920c,Rv0694,Rv3150,Rv0084,Rv2899c,Rv0859,,,,,,,,,,,
14,0.0341693801293832,0.00616071439970468,Rv2443,Rv1908c,Rv3356c,Rv2476c,Rv1902c,Rv1188,Rv1098c,Rv0191,Rv1872c,Rv2920c,Rv3150,Rv2780,Rv0859,Rv1475c,,,,,,,,,,,
14,0.0336293099093311,0.00606335292228124,Rv2443,Rv1908c,Rv3356c,Rv2476c,Rv1902c,Rv2332,Rv1240,Rv1188,Rv0211,Rv2920c,Rv0694,Rv3150,Rv2780,Rv0859,,,,,,,,,,,
14,0.0229273497851943,0.00413371401407574,Rv3010c,Rv2443,Rv1908c,Rv2476c,Rv1902c,Rv2332,Rv1240,Rv1188,Rv1872c,Rv2920c,Rv3150,Rv2780,Rv0084,Rv0859,,,,,,,,,,,
14,0.0337396635233599,0.00608323173099773,Rv2443,Rv1908c,Rv2476c,Rv1902c,Rv1188,Rv1098c,Rv2920c,Rv0694,Rv3150,Rv2780,Rv0084,Rv2899c,Rv0859,Rv1475c,,,,,,,,,,,
14,0.0229273498684609,0.00413270077043467,Rv3319,Rv0247c,Rv3010c,Rv0248c,Rv2443,Rv1908c,Rv2476c,Rv1188,Rv1098c,Rv2920c,Rv0694,Rv2780,Rv0084,Rv0859,,,,,,,,,,,
14,0.0335431025168276,0.00604777387859856,Rv2443,Rv2697c,Rv2967c,Rv1902c,Rv2332,Rv1240,Rv1188,Rv0211,Rv0191,Rv1872c,Rv2920c,Rv3150,Rv0084,Rv0859,,,,,,,,,,,
14,0.0335431025168275,0.00604776859611458,Rv2443,Rv2697c,Rv2967c,Rv1902c,Rv1188,Rv1098c,Rv0211,Rv2920c,Rv0694,Rv3150,Rv1915,Rv0467,Rv0084,Rv0859,,,,,,,,,,,
14,0.0341693800877497,0.00616041385904456,Rv2443,Rv1908c,Rv3356c,Rv2476c,Rv1902c,Rv2332,Rv1240,Rv1188,Rv2920c,Rv0694,Rv3150,Rv2780,Rv0859,Rv1475c,,,,,,,,,,,
14,0.0346884712679529,0.00625408438559763,Rv3303c,Rv2443,Rv1908c,Rv1826,Rv2476c,Rv1902c,Rv1188,Rv1098c,Rv2920c,Rv0694,Rv3150,Rv2780,Rv0859,Rv1475c,,,,,,,,,,,
14,0.0336293099093311,0.00606348529374702,Rv2443,Rv1908c,Rv3356c,Rv2476c,Rv1902c,Rv1188,Rv1098c,Rv0211,Rv1837c,Rv2920c,Rv0694,Rv3150,Rv2780,Rv0859,,,,,,,,,,,
14,0.0251116726697118,0.00452761824676361,Rv3010c,Rv2443,Rv1908c,Rv1826,Rv2476c,Rv2332,Rv1240,Rv1832,Rv1188,Rv2920c,Rv0694,Rv3150,Rv2780,Rv0859,,,,,,,,,,,
14,0.0251116727807341,0.00452762077192447,Rv3010c,Rv2443,Rv1826,Rv2476c,Rv1832,Rv1188,Rv1098c,Rv2920c,Rv0694,Rv3150,Rv1595,Rv2780,Rv1905c,Rv0859,,,,,,,,,,,
14,0.0335431025168276,0.00604777385920003,Rv2443,Rv2697c,Rv2967c,Rv1902c,Rv1188,Rv1098c,Rv0211,Rv1837c,Rv0191,Rv1872c,Rv2920c,Rv3150,Rv0084,Rv0859,,,,,,,,,,,
15,0.0341693801432611,0.00616054366090808,Rv3319,Rv0247c,Rv0248c,Rv2443,Rv1908c,Rv3356c,Rv2476c,Rv1902c,Rv1188,Rv1098c,Rv2920c,Rv0694,Rv2780,Rv0859,Rv1475c,,,,,,,,,,
15,0.0273412546477056,0.00492974512682185,Rv2495c,Rv2215,Rv2443,Rv1902c,Rv2332,Rv0162c,Rv1240,Rv1188,Rv2920c,Rv0694,Rv3150,Rv3601c,Rv0084,Rv2899c,Rv0859,,,,,,,,,,
15,0.0346446650255263,0.00624650109185773,Rv2443,Rv0069c,Rv2476c,Rv1188,Rv1098c,Rv0211,Rv2920c,Rv0694,Rv3150,Rv1595,Rv2780,Rv0084,Rv1905c,Rv0859,Rv1077,,,,,,,,,,
15,0.0202619533000513,0.00365321294670257,Rv3010c,Rv2443,Rv3356c,Rv0069c,Rv2476c,Rv1188,Rv1098c,Rv1872c,Rv2920c,Rv3150,Rv1595,Rv2780,Rv1905c,Rv0859,Rv1077,,,,,,,,,,
15,0.0340575950479845,0.00614022015343973,Rv2443,Rv1908c,Rv1826,Rv2476c,Rv1902c,Rv2332,Rv2211c,Rv1240,Rv1188,Rv0211,Rv2920c,Rv0694,Rv3150,Rv2780,Rv0859,,,,,,,,,,
15,0.0273412546477056,0.00492960978260443,Rv2495c,Rv2215,Rv2443,Rv0753c,Rv1902c,Rv2332,Rv0162c,Rv1240,Rv1188,Rv2920c,Rv0694,Rv3150,Rv0084,Rv2899c,Rv0859,,,,,,,,,,
15,0.0229273498962165,0.00413382311462315,Rv3319,Rv0247c,Rv3010c,Rv0248c,Rv2443,Rv2476c,Rv1902c,Rv1188,Rv1098c,Rv2920c,Rv1595,Rv2780,Rv0084,Rv1905c,Rv0859,,,,,,,,,,
15,0.0453414868464796,0.00817483451866597,Rv3319,Rv0247c,Rv0248c,Rv2443,Rv2476c,Rv2332,Rv1240,Rv1188,Rv1712,Rv2920c,Rv1595,Rv2780,Rv0084,Rv1905c,Rv0859,,,,,,,,,,
15,0.0336293099023923,0.00606296233154147,Rv2443,Rv1908c,Rv3356c,Rv2476c,Rv1902c,Rv2332,Rv1240,Rv1188,Rv0211,Rv0191,Rv1872c,Rv2920c,Rv3150,Rv2780,Rv0859,,,,,,,,,,
15,0.0341693801432617,0.00616072049575913,Rv2443,Rv3356c,Rv2476c,Rv1902c,Rv1188,Rv1098c,Rv0191,Rv1872c,Rv2920c,Rv3150,Rv1595,Rv2780,Rv1905c,Rv0859,Rv1475c,,,,,,,,,,
15,0.0251116727391008,0.00452761290467827,Rv3010c,Rv2443,Rv1826,Rv2476c,Rv2332,Rv2211c,Rv1240,Rv1188,Rv2920c,Rv0694,Rv3150,Rv1595,Rv2780,Rv1905c,Rv0859,,,,,,,,,,
15,0.0334236269830983,0.00425943546409329,Rv1448c,Rv3319,Rv0247c,Rv0248c,Rv2443,Rv2697c,Rv2967c,Rv1902c,Rv1188,Rv1098c,Rv0211,Rv2920c,Rv0694,Rv0084,Rv0859,,,,,,,,,,
15,0.0336293099093319,0.00606342108722211,Rv2443,Rv3356c,Rv2476c,Rv1902c,Rv1188,Rv1098c,Rv0211,Rv1837c,Rv2920c,Rv0694,Rv3150,Rv1595,Rv2780,Rv1905c,Rv0859,,,,,,,,,,
15,0.0273412546477056,0.00492960226799851,Rv0843,Rv0462,Rv2496c,Rv2443,Rv0753c,Rv1902c,Rv0162c,Rv1188,Rv1098c,Rv2920c,Rv0694,Rv3150,Rv0084,Rv2899c,Rv0859,,,,,,,,,,
15,0.020261953244541,0.00365319987049044,Rv3010c,Rv2443,Rv3356c,Rv0069c,Rv2476c,Rv1188,Rv1098c,Rv2920c,Rv0694,Rv3150,Rv1595,Rv2780,Rv1905c,Rv0859,Rv1077,,,,,,,,,,
15,0.0273412546477053,0.00492983281694332,Rv0843,Rv0462,Rv2495c,Rv2443,Rv1902c,Rv0162c,Rv1188,Rv1098c,Rv2920c,Rv0694,Rv3150,Rv3601c,Rv0084,Rv2899c,Rv0859,,,,,,,,,,
15,0.0337396635233599,0.00608328513254147,Rv2443,Rv2476c,Rv1902c,Rv1188,Rv1098c,Rv2920c,Rv0694,Rv3150,Rv1595,Rv2780,Rv0084,Rv2899c,Rv1905c,Rv0859,Rv1475c,,,,,,,,,,
15,0.0341693801293842,0.00616066142545404,Rv3319,Rv0247c,Rv0248c,Rv2443,Rv1908c,Rv3356c,Rv2476c,Rv1902c,Rv1188,Rv1098c,Rv0191,Rv2920c,Rv2780,Rv0859,Rv1475c,,,,,,,,,,
15,0.0229273498268275,0.00413383525506571,Rv3319,Rv0247c,Rv3010c,Rv0248c,Rv2443,Rv1908c,Rv2476c,Rv2332,Rv1240,Rv1188,Rv2920c,Rv0694,Rv2780,Rv0084,Rv0859,,,,,,,,,,
15,0.0341693801432611,0.00616043429956996,Rv2443,Rv3356c,Rv2476c,Rv1902c,Rv2332,Rv1240,Rv1188,Rv2920c,Rv0694,Rv3150,Rv1595,Rv2780,Rv1905c,Rv0859,Rv1475c,,,,,,,,,,
15,0.0346884717120424,0.00625395534888648,Rv3303c,Rv2443,Rv1908c,Rv1826,Rv2476c,Rv1902c,Rv1188,Rv1098c,Rv0191,Rv1872c,Rv2920c,Rv3150,Rv2780,Rv0859,Rv1475c,,,,,,,,,,
15,0.0273412546477053,0.00492953039134009,Rv3303c,Rv0843,Rv0462,Rv2443,Rv1902c,Rv0162c,Rv1188,Rv1098c,Rv2920c,Rv0694,Rv3150,Rv3601c,Rv0084,Rv2899c,Rv0859,,,,,,,,,,
15,0.038244471379217,0.00689545579584735,Rv2443,Rv3356c,Rv0069c,Rv2476c,Rv1188,Rv1712,Rv1098c,Rv1872c,Rv2920c,Rv3150,Rv1595,Rv2780,Rv1905c,Rv0859,Rv1077,,,,,,,,,,
15,0.0335431024691233,0.00604776761305685,Rv3319,Rv0247c,Rv0248c,Rv2443,Rv2697c,Rv2967c,Rv1902c,Rv2332,Rv1240,Rv1188,Rv0211,Rv0191,Rv2920c,Rv0084,Rv0859,,,,,,,,,,
15,0.0251116727807337,0.00452718472047712,Rv3319,Rv0247c,Rv3010c,Rv3303c,Rv0248c,Rv2443,Rv1908c,Rv1826,Rv2476c,Rv1902c,Rv1188,Rv1098c,Rv2920c,Rv2780,Rv0859,,,,,,,,,,
15,0.0273412546477053,0.00492983281694332,Rv0843,Rv0462,Rv2496c,Rv2443,Rv1902c,Rv0162c,Rv1188,Rv1098c,Rv2920c,Rv0694,Rv3150,Rv3601c,Rv0084,Rv2899c,Rv0859,,,,,,,,,,
15,0.0251116726419558,0.00452749564312229,Rv3010c,Rv2443,Rv1826,Rv2476c,Rv1902c,Rv2211c,Rv1188,Rv1098c,Rv1872c,Rv2920c,Rv3150,Rv1595,Rv2780,Rv1905c,Rv0859,,,,,,,,,,
15,0.0336293100481089,0.00606357136183986,Rv2443,Rv3356c,Rv2476c,Rv1902c,Rv2332,Rv1240,Rv1188,Rv0211,Rv2920c,Rv0694,Rv3150,Rv1595,Rv2780,Rv1905c,Rv0859,,,,,,,,,,
15,0.0229273498962166,0.00413382163228405,Rv3319,Rv0247c,Rv3010c,Rv0248c,Rv2443,Rv2476c,Rv1188,Rv1098c,Rv2920c,Rv0694,Rv1595,Rv2780,Rv0084,Rv1905c,Rv0859,,,,,,,,,,
15,0.0340575950479842,0.00614047671710722,Rv2443,Rv1908c,Rv1826,Rv2476c,Rv1902c,Rv1832,Rv1188,Rv1098c,Rv0211,Rv1837c,Rv2920c,Rv0694,Rv3150,Rv2780,Rv0859,,,,,,,,,,
16,0.0243946668935437,0.00439858655532918,Rv2495c,Rv2215,Rv2443,Rv3356c,Rv1902c,Rv2332,Rv0162c,Rv1240,Rv1188,Rv0211,Rv0694,Rv3150,Rv3601c,Rv0084,Rv2899c,Rv0859,,,,,,,,,
16,0.038244471379217,0.00689557481989174,Rv3319,Rv0247c,Rv0248c,Rv2443,Rv3356c,Rv0069c,Rv2476c,Rv1188,Rv1712,Rv1098c,Rv2920c,Rv1595,Rv2780,Rv1905c,Rv0859,Rv1077,,,,,,,,,
16,0.0237934189152885,0.00428992960213821,Rv3010c,Rv2443,Rv0069c,Rv2476c,Rv1188,Rv1098c,Rv1872c,Rv2920c,Rv3150,Rv1595,Rv2780,Rv0084,Rv2899c,Rv1905c,Rv0859,Rv1077,,,,,,,,,
16,0.0346446650255267,0.00624628489212851,Rv2443,Rv1908c,Rv0069c,Rv2476c,Rv2674,Rv0137c,Rv1188,Rv1098c,Rv0211,Rv2920c,Rv0694,Rv3150,Rv2780,Rv0084,Rv0859,Rv1077,,,,,,,,,
16,0.0450689736609316,0.00812602571644691,Rv2443,Rv1826,Rv0069c,Rv2476c,Rv2211c,Rv1188,Rv1712,Rv1098c,Rv1872c,Rv2920c,Rv3150,Rv1595,Rv2780,Rv1905c,Rv0859,Rv1077,,,,,,,,,
16,0.0202619531890293,0.00365318075253107,Rv3010c,Rv2443,Rv3356c,Rv0069c,Rv2476c,Rv2332,Rv1240,Rv1188,Rv1872c,Rv2920c,Rv3150,Rv1595,Rv2780,Rv1905c,Rv0859,Rv1077,,,,,,,,,
16,0.0382444714069739,0.00689557831966557,Rv2443,Rv1908c,Rv3356c,Rv0069c,Rv2476c,Rv2674,Rv0137c,Rv1188,Rv1712,Rv1098c,Rv1872c,Rv2920c,Rv3150,Rv2780,Rv0859,Rv1077,,,,,,,,,
16,0.0202619533000516,0.00365323474187234,Rv3010c,Rv2443,Rv1908c,Rv3356c,Rv0069c,Rv2476c,Rv2674,Rv0137c,Rv1188,Rv1098c,Rv1872c,Rv2920c,Rv3150,Rv2780,Rv0859,Rv1077,,,,,,,,,
16,0.0273412546477056,0.00492974512682185,Rv0843,Rv0462,Rv2495c,Rv2443,Rv1902c,Rv2332,Rv0162c,Rv1240,Rv1188,Rv2920c,Rv0694,Rv3150,Rv3601c,Rv0084,Rv2899c,Rv0859,,,,,,,,,
16,0.038286334925849,0.00690297238769305,Rv2443,Rv1826,Rv0069c,Rv2476c,Rv1832,Rv1188,Rv1098c,Rv0211,Rv2920c,Rv0694,Rv3150,Rv1595,Rv2780,Rv1905c,Rv0859,Rv1077,,,,,,,,,
16,0.0337396634956043,0.0060831570587774,Rv2443,Rv2476c,Rv1902c,Rv1188,Rv1098c,Rv0191,Rv1872c,Rv2920c,Rv3150,Rv1595,Rv2780,Rv0084,Rv2899c,Rv1905c,Rv0859,Rv1475c,,,,,,,,,
16,0.0346884713650975,0.0062541157616231,Rv2443,Rv1826,Rv2476c,Rv1902c,Rv2332,Rv1240,Rv1832,Rv1188,Rv2920c,Rv0694,Rv3150,Rv1595,Rv2780,Rv1905c,Rv0859,Rv1475c,,,,,,,,,
16,0.0273412546477056,0.00492966067342103,Rv3303c,Rv0843,Rv0462,Rv2443,Rv0753c,Rv1902c,Rv2332,Rv0162c,Rv1240,Rv1188,Rv2920c,Rv0694,Rv3150,Rv0084,Rv2899c,Rv0859,,,,,,,,,
16,0.0346446650255263,0.00624646766417425,Rv2443,Rv0069c,Rv2476c,Rv2332,Rv1240,Rv1188,Rv0211,Rv2920c,Rv0694,Rv3150,Rv1595,Rv2780,Rv0084,Rv1905c,Rv0859,Rv1077,,,,,,,,,
16,0.0382444714902397,0.00689557078321789,Rv2443,Rv3356c,Rv0069c,Rv2476c,Rv2332,Rv1240,Rv1188,Rv1712,Rv1872c,Rv2920c,Rv3150,Rv1595,Rv2780,Rv1905c,Rv0859,Rv1077,,,,,,,,,
16,0.0202619533000516,0.00365321243363103,Rv3010c,Rv2443,Rv3356c,Rv0069c,Rv2476c,Rv2332,Rv1240,Rv1188,Rv2920c,Rv0694,Rv3150,Rv1595,Rv2780,Rv1905c,Rv0859,Rv1077,,,,,,,,,
16,0.0341693801311176,0.00616093642759983,Rv3319,Rv0247c,Rv0248c,Rv2443,Rv3356c,Rv2476c,Rv1902c,Rv1188,Rv1098c,Rv0191,Rv2920c,Rv1595,Rv2780,Rv1905c,Rv0859,Rv1475c,,,,,,,,,
16,0.020261953234132,0.00365317172821494,Rv3010c,Rv2443,Rv1908c,Rv3356c,Rv0069c,Rv2476c,Rv2674,Rv0137c,Rv1188,Rv1098c,Rv2920c,Rv0694,Rv3150,Rv2780,Rv0859,Rv1077,,,,,,,,,
16,0.033532988269404,0.00604596075711333,Rv2443,Rv3356c,Rv2476c,Rv1902c,Rv1188,Rv1098c,Rv0211,Rv2920c,Rv0694,Rv3150,Rv1595,Rv1915,Rv0467,Rv2780,Rv1905c,Rv0859,,,,,,,,,
16,0.0202619532722959,0.00365321779779857,Rv3319,Rv0247c,Rv3010c,Rv0248c,Rv2443,Rv3356c,Rv0069c,Rv2476c,Rv1188,Rv1098c,Rv2920c,Rv1595,Rv2780,Rv1905c,Rv0859,Rv1077,,,,,,,,,
16,0.034169380157139,0.00616090968348217,Rv2443,Rv1908c,Rv3356c,Rv2476c,Rv1902c,Rv1188,Rv1098c,Rv0118c,Rv1837c,Rv2920c,Rv0694,Rv3150,Rv3339c,Rv0066c,Rv2780,Rv0859,,,,,,,,,
16,0.0341693801432613,0.00616065006860299,Rv3319,Rv0247c,Rv0248c,Rv2443,Rv3356c,Rv2476c,Rv1902c,Rv1188,Rv1098c,Rv2920c,Rv0694,Rv1595,Rv2780,Rv1905c,Rv0859,Rv1475c,,,,,,,,,
16,0.0273412545644391,0.00492957802397363,Rv2495c,Rv2215,Rv2443,Rv1902c,Rv1188,Rv1098c,Rv2920c,Rv0694,Rv3150,Rv3601c,Rv3293,Rv0147,Rv0084,Rv2899c,Rv0859,Rv3535c,,,,,,,,,
16,0.0229273498407052,0.00413402941878326,Rv3319,Rv0247c,Rv3010c,Rv0248c,Rv2443,Rv2476c,Rv1902c,Rv2332,Rv1240,Rv1188,Rv2920c,Rv1595,Rv2780,Rv0084,Rv1905c,Rv0859,,,,,,,,,
16,0.0285463521588469,0.00514688548789458,Rv2495c,Rv2215,Rv2443,Rv3859c,Rv2476c,Rv0753c,Rv1902c,Rv0162c,Rv1188,Rv1712,Rv1098c,Rv0694,Rv3150,Rv0084,Rv2899c,Rv0859,,,,,,,,,
16,0.0337396634678488,0.00608270675529842,Rv3319,Rv0247c,Rv0248c,Rv2443,Rv1908c,Rv2476c,Rv1902c,Rv1188,Rv1098c,Rv0191,Rv2920c,Rv2780,Rv0084,Rv2899c,Rv0859,Rv1475c,,,,,,,,,
16,0.038286334925849,0.00690297238769305,Rv3303c,Rv2443,Rv1826,Rv0069c,Rv2476c,Rv1188,Rv1098c,Rv0211,Rv2920c,Rv0694,Rv3150,Rv1595,Rv2780,Rv1905c,Rv0859,Rv1077,,,,,,,,,
16,0.0336293099093319,0.00606355205211438,Rv2443,Rv3356c,Rv2476c,Rv1902c,Rv1240,Rv1188,Rv1098c,Rv0211,Rv0191,Rv1872c,Rv2920c,Rv3150,Rv1595,Rv2780,Rv1905c,Rv0859,,,,,,,,,
17,0.0382444714069739,0.00689545304507257,Rv3319,Rv0247c,Rv0248c,Rv2443,Rv1908c,Rv3356c,Rv0069c,Rv2476c,Rv2674,Rv0137c,Rv1188,Rv1712,Rv1098c,Rv2920c,Rv2780,Rv0859,Rv1077,,,,,,,,
17,0.0202619533000516,0.00365322932266853,Rv3319,Rv0247c,Rv3010c,Rv0248c,Rv2443,Rv3356c,Rv0069c,Rv2476c,Rv2332,Rv1240,Rv1188,Rv2920c,Rv1595,Rv2780,Rv1905c,Rv0859,Rv1077,,,,,,,,
17,0.0346884713512199,0.00625434941439602,Rv3319,Rv0247c,Rv3303c,Rv0248c,Rv2443,Rv1908c,Rv1826,Rv2476c,Rv1902c,Rv2332,Rv1240,Rv1188,Rv0191,Rv2920c,Rv2780,Rv0859,Rv1475c,,,,,,,,
17,0.0382444713237071,0.00689544168308272,Rv3319,Rv0247c,Rv0248c,Rv2443,Rv3356c,Rv0069c,Rv2476c,Rv2332,Rv1240,Rv1188,Rv1712,Rv2920c,Rv1595,Rv2780,Rv1905c,Rv0859,Rv1077,,,,,,,,
17,0.0450689737164431,0.00812605520115282,Rv2443,Rv1826,Rv0069c,Rv2476c,Rv2332,Rv1240,Rv1832,Rv1188,Rv1712,Rv1872c,Rv2920c,Rv3150,Rv1595,Rv2780,Rv1905c,Rv0859,Rv1077,,,,,,,,
17,0.0346884714344871,0.00625392176344765,Rv2443,Rv1826,Rv2476c,Rv1902c,Rv2332,Rv1240,Rv1832,Rv1188,Rv0191,Rv1872c,Rv2920c,Rv3150,Rv1595,Rv2780,Rv1905c,Rv0859,Rv1475c,,,,,,,,
17,0.0202619532722955,0.00365325640669653,Rv3010c,Rv2443,Rv1908c,Rv3356c,Rv0069c,Rv2476c,Rv2674,Rv0137c,Rv2332,Rv1240,Rv1188,Rv2920c,Rv0694,Rv3150,Rv2780,Rv0859,Rv1077,,,,,,,,
17,0.0285463521588469,0.00514688548789458,Rv0843,Rv0462,Rv2496c,Rv2443,Rv3859c,Rv2476c,Rv0753c,Rv1902c,Rv0162c,Rv1188,Rv1712,Rv1098c,Rv0694,Rv3150,Rv0084,Rv2899c,Rv0859,,,,,,,,
17,0.0202619533000516,0.00365325779035666,Rv3319,Rv0247c,Rv3010c,Rv0248c,Rv2443,Rv1908c,Rv3356c,Rv0069c,Rv2476c,Rv2674,Rv0137c,Rv1188,Rv1098c,Rv2920c,Rv2780,Rv0859,Rv1077,,,,,,,,
17,0.0382444714347294,0.00689544344341171,Rv2443,Rv1908c,Rv3356c,Rv0069c,Rv2476c,Rv2674,Rv0137c,Rv2332,Rv1240,Rv1188,Rv1712,Rv1872c,Rv2920c,Rv3150,Rv2780,Rv0859,Rv1077,,,,,,,,
17,0.0285463520408863,0.00514676299599912,Rv0843,Rv0462,Rv2496c,Rv2443,Rv3859c,Rv2476c,Rv1902c,Rv0162c,Rv1188,Rv1712,Rv1098c,Rv0694,Rv3150,Rv3601c,Rv0084,Rv2899c,Rv0859,,,,,,,,
17,0.0273412546477058,0.00492895192151978,Rv3319,Rv0247c,Rv2495c,Rv2215,Rv0248c,Rv2443,Rv1902c,Rv2332,Rv0162c,Rv1240,Rv1188,Rv2920c,Rv0694,Rv3601c,Rv0084,Rv2899c,Rv0859,,,,,,,,
17,0.0243946667825216,0.00439813526316746,Rv3303c,Rv0843,Rv0462,Rv2443,Rv3356c,Rv1902c,Rv0162c,Rv1240,Rv1188,Rv1098c,Rv0211,Rv0694,Rv3150,Rv3601c,Rv0084,Rv2899c,Rv0859,,,,,,,,
17,0.0310863208243744,0.00560491858741163,Rv2495c,Rv2215,Rv2443,Rv1908c,Rv2476c,Rv0753c,Rv1902c,Rv1188,Rv1098c,Rv2920c,Rv0694,Rv3150,Rv2780,Rv0084,Rv2899c,Rv0859,Rv3535c,,,,,,,,
17,0.0243946668935437,0.00439858667174406,Rv0843,Rv0462,Rv2496c,Rv2443,Rv3356c,Rv1902c,Rv2332,Rv0162c,Rv1240,Rv1188,Rv0211,Rv0694,Rv3150,Rv3601c,Rv0084,Rv2899c,Rv0859,,,,,,,,
17,0.0337396634956049,0.00608330029962892,Rv2443,Rv2476c,Rv1902c,Rv2332,Rv1240,Rv1188,Rv0191,Rv1872c,Rv2920c,Rv3150,Rv1595,Rv2780,Rv0084,Rv2899c,Rv1905c,Rv0859,Rv1475c,,,,,,,,
17,0.034644665025526,0.00624640871087282,Rv2443,Rv1908c,Rv0069c,Rv2476c,Rv2674,Rv0137c,Rv2332,Rv1240,Rv1188,Rv0211,Rv2920c,Rv0694,Rv3150,Rv2780,Rv0084,Rv0859,Rv1077,,,,,,,,
17,0.0243946668935436,0.00439841470302778,Rv2495c,Rv2215,Rv2443,Rv3356c,Rv0753c,Rv1902c,Rv0162c,Rv1240,Rv1188,Rv1098c,Rv0211,Rv0694,Rv0522,Rv3150,Rv0084,Rv2899c,Rv0859,,,,,,,,
17,0.0337396634956044,0.00608309785408773,Rv3319,Rv0247c,Rv0248c,Rv2443,Rv1908c,Rv2476c,Rv1902c,Rv2332,Rv1240,Rv1188,Rv2920c,Rv0694,Rv2780,Rv0084,Rv2899c,Rv0859,Rv1475c,,,,,,,,
17,0.0382863348980933,0.00690283451948318,Rv2443,Rv1908c,Rv1826,Rv0069c,Rv2476c,Rv2674,Rv0137c,Rv2211c,Rv1188,Rv1098c,Rv0211,Rv2920c,Rv0694,Rv3150,Rv2780,Rv0859,Rv1077,,,,,,,,
17,0.0248563268399142,0.00448159496963204,Rv3010c,Rv2443,Rv1908c,Rv1826,Rv0069c,Rv2476c,Rv2674,Rv0137c,Rv2211c,Rv1188,Rv1098c,Rv1872c,Rv2920c,Rv3150,Rv2780,Rv0859,Rv1077,,,,,,,,
17,0.0340575950479845,0.00614060377496551,Rv3319,Rv0247c,Rv0248c,Rv2443,Rv1908c,Rv1826,Rv2476c,Rv1902c,Rv2211c,Rv1240,Rv1188,Rv1098c,Rv0211,Rv0191,Rv2920c,Rv2780,Rv0859,,,,,,,,
17,0.0335329881722593,0.00604639835488822,Rv3319,Rv0247c,Rv0248c,Rv2443,Rv1908c,Rv3356c,Rv2476c,Rv1902c,Rv1188,Rv1098c,Rv0211,Rv0191,Rv2920c,Rv1915,Rv0467,Rv2780,Rv0859,,,,,,,,
17,0.0285463520963972,0.0051467794556234,Rv2495c,Rv2215,Rv2443,Rv3859c,Rv2476c,Rv1902c,Rv2332,Rv0162c,Rv1240,Rv1188,Rv1712,Rv0694,Rv3150,Rv3601c,Rv0084,Rv2899c,Rv0859,,,,,,,,
17,0.024856326548481,0.00448156677976218,Rv3319,Rv0247c,Rv3010c,Rv3303c,Rv0248c,Rv2443,Rv1826,Rv0069c,Rv2476c,Rv1188,Rv1098c,Rv2920c,Rv1595,Rv2780,Rv1905c,Rv0859,Rv1077,,,,,,,,
17,0.0237934190089636,0.00428990222754897,Rv3319,Rv0247c,Rv3010c,Rv0248c,Rv2443,Rv0069c,Rv2476c,Rv1188,Rv1098c,Rv2920c,Rv1595,Rv2780,Rv0084,Rv2899c,Rv1905c,Rv0859,Rv1077,,,,,,,,
17,0.0250246680519587,0.00451190444113767,Rv2495c,Rv2215,Rv2443,Rv3356c,Rv0753c,Rv1902c,Rv2332,Rv0162c,Rv1240,Rv1188,Rv1712,Rv0211,Rv0694,Rv3150,Rv0084,Rv2899c,Rv0859,,,,,,,,
17,0.0450689738274647,0.00812591390181801,Rv3319,Rv0247c,Rv0248c,Rv2443,Rv1826,Rv0069c,Rv2476c,Rv1832,Rv1188,Rv1712,Rv1098c,Rv2920c,Rv1595,Rv2780,Rv1905c,Rv0859,Rv1077,,,,,,,,
17,0.0285463520408863,0.00514677979267195,Rv3303c,Rv0843,Rv0462,Rv2443,Rv3859c,Rv2476c,Rv1902c,Rv0162c,Rv1188,Rv1712,Rv1098c,Rv0694,Rv3150,Rv3601c,Rv0084,Rv2899c,Rv0859,,,,,,,,
17,0.0450689738274647,0.00812591390181801,Rv3319,Rv0247c,Rv3303c,Rv0248c,Rv2443,Rv1826,Rv0069c,Rv2476c,Rv1188,Rv1712,Rv1098c,Rv2920c,Rv1595,Rv2780,Rv1905c,Rv0859,Rv1077,,,,,,,,
17,0.0346446650810366,0.00624648964296219,Rv3319,Rv0247c,Rv0248c,Rv2443,Rv0069c,Rv2476c,Rv1188,Rv1098c,Rv0211,Rv2920c,Rv0694,Rv1595,Rv2780,Rv0084,Rv1905c,Rv0859,Rv1077,,,,,,,,
17,0.0326121632687213,0.00587994360210765,Rv2443,Rv0069c,Rv2476c,Rv1902c,Rv1188,Rv1098c,Rv0211,Rv0191,Rv1872c,Rv2920c,Rv3150,Rv1595,Rv2780,Rv0084,Rv1905c,Rv0859,Rv1077,,,,,,,,
17,0.0330796725276324,0.00596426854487934,Rv2443,Rv0069c,Rv2476c,Rv1902c,Rv1188,Rv1098c,Rv0211,Rv1872c,Rv2920c,Rv3150,Rv1595,Rv2780,Rv0084,Rv2899c,Rv1905c,Rv0859,Rv1077,,,,,,,,
17,0.0202619533555624,0.00365321609227185,Rv3010c,Rv2443,Rv1908c,Rv3356c,Rv0069c,Rv2476c,Rv2674,Rv0137c,Rv2332,Rv1240,Rv1188,Rv1872c,Rv2920c,Rv3150,Rv2780,Rv0859,Rv1077,,,,,,,,
17,0.0309775520300423,0.00186073152073948,Rv1448c,Rv2495c,Rv2215,Rv2443,Rv2436,Rv1902c,Rv1188,Rv1098c,Rv0211,Rv2920c,Rv0694,Rv3150,Rv2202c,Rv0084,Rv2899c,Rv0859,Rv3535c,,,,,,,,
17,0.0273412546477057,0.00492983141995937,Rv3319,Rv0247c,Rv3303c,Rv0843,Rv0462,Rv0248c,Rv2443,Rv0753c,Rv1902c,Rv0162c,Rv1188,Rv1098c,Rv2920c,Rv0694,Rv0084,Rv2899c,Rv0859,,,,,,,,
18,0.0382444714347294,0.00689532106959353,Rv3319,Rv0247c,Rv0248c,Rv2443,Rv1908c,Rv3356c,Rv0069c,Rv2476c,Rv2674,Rv0137c,Rv2332,Rv1240,Rv1188,Rv1712,Rv2920c,Rv2780,Rv0859,Rv1077,,,,,,,
18,0.0243946668935436,0.00439841470302778,Rv0843,Rv0462,Rv2495c,Rv2443,Rv3356c,Rv0753c,Rv1902c,Rv0162c,Rv1240,Rv1188,Rv1098c,Rv0211,Rv0694,Rv0522,Rv3150,Rv0084,Rv2899c,Rv0859,,,,,,,
18,0.0243946668935437,0.00439812113736135,Rv3319,Rv0247c,Rv2495c,Rv2215,Rv0248c,Rv2443,Rv3356c,Rv1902c,Rv2332,Rv0162c,Rv1240,Rv1188,Rv0211,Rv0694,Rv3601c,Rv0084,Rv2899c,Rv0859,,,,,,,
18,0.0306596283106685,0.00132267509513875,Rv2495c,Rv2215,Rv2443,Rv3859c,Rv2476c,Rv1902c,Rv0162c,Rv1188,Rv1712,Rv1098c,Rv0211,Rv0191,Rv1872c,Rv3150,Rv3601c,Rv0084,Rv2899c,Rv0859,,,,,,,
18,0.0243946668935436,0.00439849927875909,Rv3319,Rv0247c,Rv2495c,Rv2215,Rv0248c,Rv2443,Rv3356c,Rv1902c,Rv0162c,Rv1240,Rv1188,Rv1098c,Rv0211,Rv0694,Rv3601c,Rv0084,Rv2899c,Rv0859,,,,,,,
18,0.0326121632687213,0.00587993169766888,Rv2443,Rv1908c,Rv0069c,Rv2476c,Rv2674,Rv0137c,Rv1902c,Rv1188,Rv1098c,Rv0211,Rv0191,Rv1872c,Rv2920c,Rv3150,Rv2780,Rv0084,Rv0859,Rv1077,,,,,,,
18,0.0382863348703381,0.00690291110983711,Rv3319,Rv0247c,Rv0248c,Rv2443,Rv1826,Rv0069c,Rv2476c,Rv1902c,Rv2211c,Rv1188,Rv1098c,Rv0211,Rv2920c,Rv1595,Rv2780,Rv1905c,Rv0859,Rv1077,,,,,,,
18,0.0450689738274646,0.00812592088268113,Rv3319,Rv0247c,Rv0248c,Rv2443,Rv1908c,Rv1826,Rv0069c,Rv2476c,Rv2674,Rv0137c,Rv1832,Rv1188,Rv1712,Rv1098c,Rv2920c,Rv2780,Rv0859,Rv1077,,,,,,,
18,0.0327248214321872,0.00590026566752839,Rv2443,Rv1908c,Rv3356c,Rv0069c,Rv2476c,Rv2674,Rv0137c,Rv1902c,Rv1188,Rv1098c,Rv0211,Rv1837c,Rv1872c,Rv2920c,Rv3150,Rv2780,Rv0859,Rv1077,,,,,,,
18,0.0285463520963973,0.0051467896457261,Rv2495c,Rv2215,Rv2443,Rv3859c,Rv2476c,Rv1902c,Rv1188,Rv1712,Rv1098c,Rv0694,Rv3150,Rv3601c,Rv3293,Rv0147,Rv0084,Rv2899c,Rv0859,Rv3535c,,,,,,,
18,0.0327248214321878,0.00590030073284708,Rv3319,Rv0247c,Rv0248c,Rv2443,Rv3356c,Rv0069c,Rv2476c,Rv1902c,Rv2332,Rv1240,Rv1188,Rv0211,Rv2920c,Rv1595,Rv2780,Rv1905c,Rv0859,Rv1077,,,,,,,
18,0.0341693801432611,0.00616043429956996,Rv2443,Rv3356c,Rv2476c,Rv1902c,Rv2332,Rv1240,Rv1188,Rv2920c,Rv0694,Rv3150,Rv1595,Rv1915,Rv0467,Rv3339c,Rv0066c,Rv2780,Rv1905c,Rv0859,,,,,,,
18,0.0337396634539711,0.00608314478624835,Rv3319,Rv0247c,Rv0248c,Rv2443,Rv2476c,Rv1902c,Rv2332,Rv1240,Rv1188,Rv2920c,Rv0694,Rv1595,Rv2780,Rv0084,Rv2899c,Rv1905c,Rv0859,Rv1475c,,,,,,,
18,0.0346446650255255,0.00624645592551223,Rv3319,Rv0247c,Rv0248c,Rv2443,Rv0069c,Rv2476c,Rv2332,Rv1240,Rv1188,Rv0211,Rv2920c,Rv0694,Rv1595,Rv2780,Rv0084,Rv1905c,Rv0859,Rv1077,,,,,,,
18,0.0273412546477057,0.00492960347875923,Rv3319,Rv0247c,Rv2495c,Rv2215,Rv0248c,Rv2443,Rv0753c,Rv1902c,Rv1188,Rv1098c,Rv2920c,Rv0694,Rv3293,Rv0147,Rv0084,Rv2899c,Rv0859,Rv3535c,,,,,,,
18,0.0330796725276324,0.00596411135456846,Rv3319,Rv0247c,Rv0248c,Rv2443,Rv0069c,Rv2476c,Rv1902c,Rv1188,Rv1098c,Rv0211,Rv2920c,Rv1595,Rv2780,Rv0084,Rv2899c,Rv1905c,Rv0859,Rv1077,,,,,,,
18,0.0327248214044315,0.00590029594014734,Rv2443,Rv1908c,Rv3356c,Rv0069c,Rv2476c,Rv2674,Rv0137c,Rv1902c,Rv2332,Rv1240,Rv1188,Rv0211,Rv1872c,Rv2920c,Rv3150,Rv2780,Rv0859,Rv1077,,,,,,,
18,0.0243946668935437,0.00439816422485446,Rv0843,Rv0462,Rv2496c,Rv2443,Rv3356c,Rv0753c,Rv1902c,Rv2332,Rv0162c,Rv1240,Rv1188,Rv0211,Rv0694,Rv0522,Rv3150,Rv0084,Rv2899c,Rv0859,,,,,,,
18,0.0341693801432616,0.00616064472352602,Rv3319,Rv0247c,Rv0248c,Rv2443,Rv1908c,Rv3356c,Rv2476c,Rv1902c,Rv2332,Rv1240,Rv1188,Rv0118c,Rv2920c,Rv0694,Rv3339c,Rv0066c,Rv2780,Rv0859,,,,,,,
18,0.028546352096397,0.0051468063801142,Rv3319,Rv0247c,Rv2495c,Rv2215,Rv0248c,Rv2443,Rv3859c,Rv2476c,Rv1902c,Rv0162c,Rv1188,Rv1712,Rv1098c,Rv0694,Rv3601c,Rv0084,Rv2899c,Rv0859,,,,,,,
19,0.0310863208243742,0.00560491852919363,Rv0843,Rv0462,Rv2495c,Rv2443,Rv1908c,Rv2476c,Rv0753c,Rv1902c,Rv2332,Rv1240,Rv1188,Rv2920c,Rv0694,Rv3150,Rv2780,Rv0084,Rv2899c,Rv0859,Rv3535c,,,,,,
19,0.0330796719170099,0.00596349427398132,Rv2443,Rv1908c,Rv0069c,Rv2476c,Rv2674,Rv0137c,Rv1902c,Rv2332,Rv1240,Rv1188,Rv0211,Rv1872c,Rv2920c,Rv3150,Rv2780,Rv0084,Rv2899c,Rv0859,Rv1077,,,,,,
19,0.0310863208243743,0.00560471962129102,Rv0843,Rv0462,Rv2496c,Rv2443,Rv1908c,Rv2476c,Rv0753c,Rv1902c,Rv1188,Rv1098c,Rv0191,Rv1872c,Rv2920c,Rv3150,Rv2780,Rv0084,Rv2899c,Rv0859,Rv3535c,,,,,,
19,0.0306540102570771,0.0055268786869882,Rv3319,Rv0247c,Rv2495c,Rv2215,Rv0248c,Rv2443,Rv1908c,Rv2476c,Rv1902c,Rv1188,Rv1098c,Rv0211,Rv2920c,Rv0694,Rv2780,Rv0084,Rv2899c,Rv0859,Rv3535c,,,,,,
19,0.0330796725553878,0.00596417793625323,Rv3319,Rv0247c,Rv0248c,Rv2443,Rv1908c,Rv0069c,Rv2476c,Rv2674,Rv0137c,Rv1902c,Rv1188,Rv1098c,Rv0211,Rv2920c,Rv2780,Rv0084,Rv2899c,Rv0859,Rv1077,,,,,,
19,0.0327248214044317,0.0059002408369079,Rv3319,Rv0247c,Rv0248c,Rv2443,Rv1908c,Rv3356c,Rv0069c,Rv2476c,Rv2674,Rv0137c,Rv1902c,Rv2332,Rv1240,Rv1188,Rv0211,Rv2920c,Rv2780,Rv0859,Rv1077,,,,,,
19,0.0306540102570771,0.00552685327607463,Rv0843,Rv0462,Rv2496c,Rv2443,Rv2476c,Rv1902c,Rv0162c,Rv1188,Rv1098c,Rv0211,Rv2920c,Rv0694,Rv3150,Rv1595,Rv2780,Rv0084,Rv2899c,Rv1905c,Rv0859,,,,,,
19,0.0310863207827409,0.00560483226629387,Rv3303c,Rv0843,Rv0462,Rv2443,Rv2476c,Rv1902c,Rv1188,Rv1098c,Rv2920c,Rv0694,Rv3150,Rv1595,Rv3601c,Rv2780,Rv0084,Rv2899c,Rv1905c,Rv0859,Rv3535c,,,,,,
19,0.0237934189812077,0.00429012578181813,Rv3319,Rv0247c,Rv3010c,Rv0248c,Rv2443,Rv1908c,Rv0069c,Rv2476c,Rv2674,Rv0137c,Rv2332,Rv1240,Rv1188,Rv2920c,Rv2780,Rv0084,Rv2899c,Rv0859,Rv1077,,,,,,
19,0.0313852564791779,0.00565853868358082,Rv0843,Rv0462,Rv2495c,Rv2443,Rv2697c,Rv2967c,Rv3859c,Rv2476c,Rv1902c,Rv0162c,Rv1188,Rv1712,Rv1098c,Rv0211,Rv0694,Rv3150,Rv0084,Rv2899c,Rv0859,,,,,,
19,0.0450689737164431,0.00812588201735918,Rv3319,Rv0247c,Rv3303c,Rv0248c,Rv2443,Rv1908c,Rv1826,Rv0069c,Rv2476c,Rv2674,Rv0137c,Rv2332,Rv1240,Rv1188,Rv1712,Rv2920c,Rv2780,Rv0859,Rv1077,,,,,,
20,0.0285463520963969,0.00514678163648842,Rv3319,Rv0247c,Rv3303c,Rv0843,Rv0462,Rv0248c,Rv2443,Rv3859c,Rv2476c,Rv0753c,Rv1902c,Rv2332,Rv0162c,Rv1240,Rv1188,Rv1712,Rv0694,Rv0084,Rv2899c,Rv0859,,,,,
20,0.0285463520963971,0.00514685822604286,Rv3319,Rv0247c,Rv2495c,Rv2215,Rv0248c,Rv2443,Rv3859c,Rv2476c,Rv1902c,Rv1188,Rv1712,Rv1098c,Rv0694,Rv3601c,Rv3293,Rv0147,Rv0084,Rv2899c,Rv0859,Rv3535c,,,,,
20,0.0326091470720675,0.00140679416394021,Rv3319,Rv0247c,Rv2495c,Rv2215,Rv0248c,Rv2443,Rv2697c,Rv2967c,Rv3859c,Rv2476c,Rv1902c,Rv1188,Rv1712,Rv1098c,Rv0211,Rv0694,Rv0084,Rv2899c,Rv0859,Rv3535c,,,,,
21,0.0243946668657876,0.00439815833426641,Rv3319,Rv0247c,Rv3303c,Rv0843,Rv0462,Rv0248c,Rv2443,Rv3356c,Rv1902c,Rv2332,Rv1240,Rv1188,Rv0211,Rv0694,Rv3601c,Rv3293,Rv0147,Rv0084,Rv2899c,Rv0859,Rv3535c,,,,
22,0.0217004527720079,0.00391302702520228,Rv3319,Rv0247c,Rv2495c,Rv2215,Rv0248c,Rv2443,Rv3356c,Rv0069c,Rv2476c,Rv0753c,Rv1902c,Rv0162c,Rv1188,Rv1098c,Rv2920c,Rv1595,Rv2780,Rv0084,Rv2899c,Rv1905c,Rv0859,Rv1077,,,
22,0.0250246680519587,0.00451190797617639,Rv3319,Rv0247c,Rv3303c,Rv0843,Rv0462,Rv0248c,Rv2443,Rv3356c,Rv0753c,Rv1902c,Rv2332,Rv1240,Rv1188,Rv1712,Rv0211,Rv0694,Rv3293,Rv0147,Rv0084,Rv2899c,Rv0859,Rv3535c,,,
23,0.0296407630838759,0.0171561404714333,Rv3319,Rv0247c,Rv0248c,Rv2443,Rv2697c,Rv2967c,Rv3356c,Rv0069c,Rv2476c,Rv1240,Rv1188,Rv1098c,Rv0211,Rv2920c,Rv0694,Rv1595,Rv2780,Rv2584c,Rv2202c,Rv1905c,Rv0859,Rv2930,Rv1077,,
23,0.0217004527720079,0.00391220962298584,Rv0843,Rv0462,Rv2496c,Rv2443,Rv1908c,Rv3356c,Rv0069c,Rv2476c,Rv2674,Rv0137c,Rv1902c,Rv0162c,Rv1188,Rv1098c,Rv1872c,Rv2920c,Rv3150,Rv3601c,Rv2780,Rv0084,Rv2899c,Rv0859,Rv1077,,
23,0.0217004527720079,0.00391282705013291,Rv3319,Rv0247c,Rv3303c,Rv0843,Rv0462,Rv0248c,Rv2443,Rv3356c,Rv0069c,Rv2476c,Rv0753c,Rv1902c,Rv0162c,Rv1188,Rv1098c,Rv2920c,Rv1595,Rv2780,Rv0084,Rv2899c,Rv1905c,Rv0859,Rv1077,,
24,0.0217004527720079,0.00391246160918497,Rv3319,Rv0247c,Rv2495c,Rv2215,Rv0248c,Rv2443,Rv1908c,Rv3356c,Rv0069c,Rv2476c,Rv2674,Rv0137c,Rv1902c,Rv2332,Rv0162c,Rv1240,Rv1188,Rv2920c,Rv3601c,Rv2780,Rv0084,Rv2899c,Rv0859,Rv1077,
24,0.0217004527720079,0.00391276373101854,Rv3319,Rv0247c,Rv0843,Rv0462,Rv2496c,Rv0248c,Rv2443,Rv1908c,Rv3356c,Rv0069c,Rv2476c,Rv0753c,Rv2674,Rv0137c,Rv1902c,Rv0162c,Rv1188,Rv1098c,Rv2920c,Rv2780,Rv0084,Rv2899c,Rv0859,Rv1077,
25,0.0217004527720079,0.00391288918793184,Rv3319,Rv0247c,Rv2495c,Rv2215,Rv0248c,Rv2443,Rv1908c,Rv3356c,Rv0069c,Rv2476c,Rv0753c,Rv2674,Rv0137c,Rv1902c,Rv1188,Rv1098c,Rv2920c,Rv3293,Rv0147,Rv2780,Rv0084,Rv2899c,Rv0859,Rv1077,Rv3535c
